"","X","census_geoid_start","dep","arr","month"
"1",1,"48209010304",0,0.04,3
"2",2,"48209010901",0.07,0.07,3
"3",3,"48209010909",0.14,0.07,3
"4",4,"48209010910",0.07,0.14,3
"5",5,"48453000101",0.82,1.39,3
"6",6,"48453000102",0.14,0.25,3
"7",7,"48453000203",4.82,5.29,3
"8",8,"48453000204",24,28.39,3
"9",9,"48453000205",1.32,1.43,3
"10",10,"48453000206",0.25,0.57,3
"11",11,"48453000302",11.32,14.32,3
"12",12,"48453000304",1.79,2.82,3
"13",13,"48453000305",4.07,6.14,3
"14",14,"48453000306",6.07,6.39,3
"15",15,"48453000307",1.29,1.64,3
"16",16,"48453000401",49.36,60.04,3
"17",17,"48453000402",10.25,14.21,3
"18",18,"48453000500",33.57,36.82,3
"19",19,"48453000601",275,339.89,3
"20",20,"48453000603",405.18,357,3
"21",21,"48453000604",348.64,302.64,3
"22",22,"48453000700",158.11,167.29,3
"23",23,"48453000801",4.07,6,3
"24",24,"48453000802",3.21,5.07,3
"25",25,"48453000803",16.25,22.89,3
"26",26,"48453000804",26.21,27.21,3
"27",27,"48453000901",43.79,46.79,3
"28",28,"48453000902",355.96,355.93,3
"29",29,"48453001000",56.25,67.14,3
"30",30,"48453001100",1993.04,1920.82,3
"31",31,"48453001200",239.68,240.82,3
"32",32,"48453001303",108.82,112,3
"33",33,"48453001304",20.46,21.25,3
"34",34,"48453001305",360.36,348.68,3
"35",35,"48453001307",3.61,5.25,3
"36",36,"48453001308",12.07,12.93,3
"37",37,"48453001401",120.43,116.07,3
"38",38,"48453001402",10.04,14.86,3
"39",39,"48453001403",4.89,5.54,3
"40",40,"48453001501",0.14,0.25,3
"41",41,"48453001503",2.25,3.07,3
"42",42,"48453001504",0.36,0.54,3
"43",43,"48453001505",0.57,0.61,3
"44",44,"48453001602",4.39,6.61,3
"45",45,"48453001603",1.43,2.93,3
"46",46,"48453001604",0.82,1.43,3
"47",47,"48453001605",7.54,11.07,3
"48",48,"48453001606",0.07,0.04,3
"49",49,"48453001706",0,0.04,3
"50",50,"48453001707",0.04,0,3
"51",51,"48453001712",0.36,0.57,3
"52",52,"48453001713",0.14,0.39,3
"53",53,"48453001718",0,0.04,3
"54",54,"48453001719",0,0.04,3
"55",55,"48453001728",0.18,0.18,3
"56",56,"48453001729",0.07,0.14,3
"57",57,"48453001733",0,0.04,3
"58",58,"48453001745",0.11,0.11,3
"59",59,"48453001746",0.04,0.11,3
"60",60,"48453001747",0,0.04,3
"61",61,"48453001749",0.07,0.07,3
"62",62,"48453001750",0,0.11,3
"63",63,"48453001752",0.07,0.25,3
"64",64,"48453001769",0.11,0.07,3
"65",65,"48453001772",0,0.07,3
"66",66,"48453001774",0,0.04,3
"67",67,"48453001777",0,0.04,3
"68",68,"48453001804",0.14,0.25,3
"69",69,"48453001805",0.04,0.04,3
"70",70,"48453001806",0.11,0.04,3
"71",71,"48453001811",0.04,0.18,3
"72",72,"48453001812",0.11,0.25,3
"73",73,"48453001813",0.32,0.43,3
"74",74,"48453001817",0.14,0.21,3
"75",75,"48453001818",0,0.11,3
"76",76,"48453001820",0,0.11,3
"77",77,"48453001821",0,0.04,3
"78",78,"48453001823",0.11,0.11,3
"79",79,"48453001826",0.04,0.11,3
"80",80,"48453001832",0.18,0.07,3
"81",81,"48453001833",0.14,0.36,3
"82",82,"48453001834",0.21,0.21,3
"83",83,"48453001835",0,0.14,3
"84",84,"48453001845",0.07,0,3
"85",85,"48453001848",0.39,0.43,3
"86",86,"48453001849",0.11,0.25,3
"87",87,"48453001851",0.07,0.07,3
"88",88,"48453001901",8.36,12.14,3
"89",89,"48453001908",0,0.07,3
"90",90,"48453001910",1.18,1.89,3
"91",91,"48453001911",20.57,24.68,3
"92",92,"48453001915",0.68,0.75,3
"93",93,"48453001917",0,0.04,3
"94",94,"48453001919",0.32,0.25,3
"95",95,"48453002002",0.57,1,3
"96",96,"48453002003",0.71,1.5,3
"97",97,"48453002004",3.96,5.21,3
"98",98,"48453002005",4.11,5.96,3
"99",99,"48453002104",0.21,0.29,3
"100",100,"48453002105",1.43,2.11,3
"101",101,"48453002106",0.18,0.25,3
"102",102,"48453002107",0.5,0.54,3
"103",103,"48453002108",0.11,0.18,3
"104",104,"48453002109",0.93,1.36,3
"105",105,"48453002110",0.46,0.57,3
"106",106,"48453002111",4.79,6.64,3
"107",107,"48453002112",0.32,0.61,3
"108",108,"48453002113",0.68,0.64,3
"109",109,"48453002201",0.07,0.07,3
"110",110,"48453002202",0.07,0.11,3
"111",111,"48453002304",89.29,86.89,3
"112",112,"48453002307",4.46,5.39,3
"113",113,"48453002308",15.14,17.32,3
"114",114,"48453002312",0.61,0.96,3
"115",115,"48453002313",2.25,3.32,3
"116",116,"48453002314",9.54,12.46,3
"117",117,"48453002315",5.82,6.96,3
"118",118,"48453002316",13.36,15.07,3
"119",119,"48453002317",13.57,15.64,3
"120",120,"48453002318",18.46,16.46,3
"121",121,"48453002402",1.18,1.89,3
"122",122,"48453002403",1.14,1.43,3
"123",123,"48453002409",0.21,0.46,3
"124",124,"48453002410",0.39,0.32,3
"125",125,"48453002411",1.36,1.93,3
"126",126,"48453002412",0.25,0.5,3
"127",127,"48453002413",0,0.18,3
"128",128,"48453002419",0.29,0.32,3
"129",129,"48453002421",0.32,0.46,3
"130",130,"48453002422",0.57,0.57,3
"131",131,"48453002423",0.04,0.07,3
"132",132,"48453002424",0.14,0.32,3
"133",133,"48453002425",0.04,0.04,3
"134",134,"48453002426",0.21,0.21,3
"135",135,"48453002427",0,0.07,3
"136",136,"48453002428",0,0.04,3
"137",137,"48453002429",0.07,0.11,3
"138",138,"48453002430",0,0.04,3
"139",139,"48453002431",0.64,1.29,3
"140",140,"48491020114",0.07,0.07,3
"141",141,"48491020115",0.14,0.14,3
"142",142,"48491020313",0.04,0,3
"143",143,"48491020316",0,0.04,3
"144",144,"None",0.5,0.5,3
"145",145,"48453000101",0,0.03,4
"146",146,"48453000203",0.4,0.63,4
"147",147,"48453000204",1.23,1.4,4
"148",148,"48453000205",0.27,0.37,4
"149",149,"48453000206",0.27,0.37,4
"150",150,"48453000302",1.8,2.47,4
"151",151,"48453000304",0.37,0.57,4
"152",152,"48453000305",0.2,0.33,4
"153",153,"48453000306",3,2.87,4
"154",154,"48453000307",0.3,0.47,4
"155",155,"48453000401",3.17,2.73,4
"156",156,"48453000402",0.43,0.83,4
"157",157,"48453000500",1.7,2.23,4
"158",158,"48453000601",5.57,4.07,4
"159",159,"48453000603",15.7,15.4,4
"160",160,"48453000604",12.9,12.57,4
"161",161,"48453000700",7.83,9.33,4
"162",162,"48453000801",0.77,0.9,4
"163",163,"48453000802",0.37,0.6,4
"164",164,"48453000803",1.93,2.53,4
"165",165,"48453000804",1.23,1.8,4
"166",166,"48453000901",3.73,3.8,4
"167",167,"48453000902",40.83,36.73,4
"168",168,"48453001000",6.43,8.6,4
"169",169,"48453001100",87.37,80.27,4
"170",170,"48453001200",33.03,32.17,4
"171",171,"48453001303",19.93,16.53,4
"172",172,"48453001304",1.8,2.53,4
"173",173,"48453001305",24.4,25.67,4
"174",174,"48453001307",2.83,3.43,4
"175",175,"48453001308",4.47,4.13,4
"176",176,"48453001401",9.83,9.13,4
"177",177,"48453001402",1.63,2.53,4
"178",178,"48453001403",1.17,1.3,4
"179",179,"48453001501",0.07,0.1,4
"180",180,"48453001503",0.17,0.37,4
"181",181,"48453001504",0.1,0.2,4
"182",182,"48453001505",0.07,0.17,4
"183",183,"48453001602",0.3,0.57,4
"184",184,"48453001603",0.67,1,4
"185",185,"48453001605",0.43,0.83,4
"186",186,"48453001606",0.1,0.1,4
"187",187,"48453001712",0.03,0.17,4
"188",188,"48453001713",0,0.03,4
"189",189,"48453001728",0.03,0.03,4
"190",190,"48453001750",0,0.07,4
"191",191,"48453001777",0.03,0,4
"192",192,"48453001804",0.17,0.27,4
"193",193,"48453001805",0.1,0.17,4
"194",194,"48453001806",0.13,0.13,4
"195",195,"48453001811",0.03,0.07,4
"196",196,"48453001813",0.27,0.23,4
"197",197,"48453001818",0.1,0.03,4
"198",198,"48453001819",0.03,0.07,4
"199",199,"48453001821",0.03,0.07,4
"200",200,"48453001822",0,0.03,4
"201",201,"48453001823",0.1,0.07,4
"202",202,"48453001833",0.03,0.1,4
"203",203,"48453001835",0.03,0.03,4
"204",204,"48453001839",0,0.03,4
"205",205,"48453001846",0.03,0,4
"206",206,"48453001849",0.37,0.5,4
"207",207,"48453001901",1.2,2.43,4
"208",208,"48453001910",0.27,0.3,4
"209",209,"48453001911",3.07,4.23,4
"210",210,"48453001915",0,0.07,4
"211",211,"48453001917",0,0.03,4
"212",212,"48453001918",0,0.03,4
"213",213,"48453001919",0.03,0.07,4
"214",214,"48453002002",0.03,0.13,4
"215",215,"48453002003",0.6,0.53,4
"216",216,"48453002004",1.8,1.63,4
"217",217,"48453002005",0.57,0.57,4
"218",218,"48453002104",0,0.03,4
"219",219,"48453002105",1.43,1.63,4
"220",220,"48453002106",0,0.07,4
"221",221,"48453002107",0,0.1,4
"222",222,"48453002108",0,0.03,4
"223",223,"48453002109",0.07,0.2,4
"224",224,"48453002110",0.03,0.37,4
"225",225,"48453002111",0.73,1.2,4
"226",226,"48453002112",0,0.03,4
"227",227,"48453002113",0.17,0.2,4
"228",228,"48453002202",0,0.03,4
"229",229,"48453002304",21.97,21.13,4
"230",230,"48453002307",2.2,2.67,4
"231",231,"48453002308",4.07,4.47,4
"232",232,"48453002310",0,0.03,4
"233",233,"48453002312",0.63,0.93,4
"234",234,"48453002313",1.2,1.13,4
"235",235,"48453002314",4.33,4.9,4
"236",236,"48453002315",2,2.4,4
"237",237,"48453002316",3.37,3.37,4
"238",238,"48453002317",8.63,8.2,4
"239",239,"48453002318",7.4,7.43,4
"240",240,"48453002402",0.17,0.17,4
"241",241,"48453002403",0.23,0.37,4
"242",242,"48453002409",0.27,0.3,4
"243",243,"48453002410",0.07,0.13,4
"244",244,"48453002411",0.73,1.03,4
"245",245,"48453002419",0,0.03,4
"246",246,"48453002421",0.03,0.03,4
"247",247,"48453002422",0.23,0.3,4
"248",248,"48453002426",0.07,0.03,4
"249",249,"48453002427",0.07,0.1,4
"250",250,"48453002431",0.07,0.17,4
"251",251,"48491020408",0,0.03,4
"252",252,"48209010809",0,0.03,5
"253",253,"48453000101",0,0.03,5
"254",254,"48453000203",0.19,0.39,5
"255",255,"48453000204",0.9,1.48,5
"256",256,"48453000205",0.06,0.06,5
"257",257,"48453000206",0.03,0,5
"258",258,"48453000302",0.26,0.61,5
"259",259,"48453000304",0.19,0.35,5
"260",260,"48453000305",0.03,0.23,5
"261",261,"48453000306",7.65,6.84,5
"262",262,"48453000307",0.26,0.55,5
"263",263,"48453000401",0.87,1.48,5
"264",264,"48453000402",0.52,0.61,5
"265",265,"48453000500",0.81,1.65,5
"266",266,"48453000601",2.61,3.48,5
"267",267,"48453000603",11.58,10.55,5
"268",268,"48453000604",8.9,9,5
"269",269,"48453000700",11.42,17.19,5
"270",270,"48453000801",0.71,1.16,5
"271",271,"48453000802",0.23,0.48,5
"272",272,"48453000803",0.61,1.35,5
"273",273,"48453000804",1.55,1.94,5
"274",274,"48453000901",3.35,4.68,5
"275",275,"48453000902",49.9,46.61,5
"276",276,"48453001000",7.77,10.23,5
"277",277,"48453001100",326.16,312.87,5
"278",278,"48453001200",57.32,55.35,5
"279",279,"48453001303",44.45,38.71,5
"280",280,"48453001304",3.61,4.45,5
"281",281,"48453001305",60.58,61.65,5
"282",282,"48453001307",0.19,0.52,5
"283",283,"48453001308",3.48,3.29,5
"284",284,"48453001401",26.29,23.77,5
"285",285,"48453001402",1.39,2.32,5
"286",286,"48453001403",0.45,0.9,5
"287",287,"48453001501",0.03,0.03,5
"288",288,"48453001503",0.23,0.26,5
"289",289,"48453001504",0.03,0.1,5
"290",290,"48453001602",0.65,0.94,5
"291",291,"48453001603",0.03,0.26,5
"292",292,"48453001605",1.03,1.77,5
"293",293,"48453001712",0.1,0.16,5
"294",294,"48453001713",0,0.03,5
"295",295,"48453001804",0,0.06,5
"296",296,"48453001812",0,0.06,5
"297",297,"48453001818",0,0.03,5
"298",298,"48453001839",0.03,0,5
"299",299,"48453001901",2.29,3.9,5
"300",300,"48453001910",0.35,0.65,5
"301",301,"48453001911",6.42,9.81,5
"302",302,"48453001915",0,0.03,5
"303",303,"48453001916",0,0.03,5
"304",304,"48453001917",0,0.03,5
"305",305,"48453002002",0.16,0.26,5
"306",306,"48453002003",0.06,0.16,5
"307",307,"48453002004",3.48,3.48,5
"308",308,"48453002005",1.52,2.19,5
"309",309,"48453002104",0,0.03,5
"310",310,"48453002105",0.19,0.29,5
"311",311,"48453002107",0.23,0.1,5
"312",312,"48453002108",0.19,0.23,5
"313",313,"48453002109",0.29,0.61,5
"314",314,"48453002110",0.16,0.23,5
"315",315,"48453002111",1.32,1.39,5
"316",316,"48453002112",0.03,0.06,5
"317",317,"48453002207",0,0.03,5
"318",318,"48453002304",18.13,17.03,5
"319",319,"48453002307",1.26,1.35,5
"320",320,"48453002308",3.06,3.42,5
"321",321,"48453002312",0.03,0.06,5
"322",322,"48453002313",0.13,0.32,5
"323",323,"48453002314",2.81,2.87,5
"324",324,"48453002315",0.39,0.61,5
"325",325,"48453002316",2.19,2.61,5
"326",326,"48453002317",3.77,3.71,5
"327",327,"48453002318",3.03,3.68,5
"328",328,"48453002402",0.13,0.23,5
"329",329,"48453002403",0.29,0.26,5
"330",330,"48453002409",0.03,0.1,5
"331",331,"48453002410",0,0.03,5
"332",332,"48453002411",0,0.1,5
"333",333,"48453002413",0.03,0.03,5
"334",334,"0",0,0.1,6
"335",335,"48453000101",0.07,0.1,6
"336",336,"48453000203",0.4,0.57,6
"337",337,"48453000204",2.1,2.3,6
"338",338,"48453000205",0.37,0.77,6
"339",339,"48453000206",0.03,0.23,6
"340",340,"48453000302",0.73,1.07,6
"341",341,"48453000304",0.13,0.4,6
"342",342,"48453000305",0.33,0.67,6
"343",343,"48453000306",10.47,9.53,6
"344",344,"48453000307",0.37,0.47,6
"345",345,"48453000401",1.23,2.43,6
"346",346,"48453000402",1.33,2.2,6
"347",347,"48453000500",1.47,2.4,6
"348",348,"48453000601",4.53,7.07,6
"349",349,"48453000603",23.5,23.23,6
"350",350,"48453000604",17.77,18.93,6
"351",351,"48453000700",25.8,26.73,6
"352",352,"48453000801",0.47,1.07,6
"353",353,"48453000802",0.93,1.5,6
"354",354,"48453000803",2.93,4.73,6
"355",355,"48453000804",4.97,5.3,6
"356",356,"48453000901",10.73,13.97,6
"357",357,"48453000902",115.2,108.6,6
"358",358,"48453001000",11.5,16.87,6
"359",359,"48453001100",836.87,821.57,6
"360",360,"48453001200",101.33,97.43,6
"361",361,"48453001303",70.3,62.23,6
"362",362,"48453001304",7,8.83,6
"363",363,"48453001305",122.47,122.87,6
"364",364,"48453001307",1.43,1.93,6
"365",365,"48453001308",4.1,4.8,6
"366",366,"48453001401",61.5,53.63,6
"367",367,"48453001402",2.57,3.87,6
"368",368,"48453001403",1.17,1.77,6
"369",369,"48453001501",0,0.03,6
"370",370,"48453001503",0.07,0.1,6
"371",371,"48453001504",0,0.1,6
"372",372,"48453001505",0.07,0.23,6
"373",373,"48453001602",1.2,1.8,6
"374",374,"48453001603",0.3,0.63,6
"375",375,"48453001604",0.1,0.17,6
"376",376,"48453001605",1.93,3.2,6
"377",377,"48453001606",0,0.1,6
"378",378,"48453001712",0.4,0.5,6
"379",379,"48453001713",0.1,0.17,6
"380",380,"48453001718",0,0.03,6
"381",381,"48453001728",0.03,0.03,6
"382",382,"48453001750",0.27,0.37,6
"383",383,"48453001753",0,0.03,6
"384",384,"48453001804",0.07,0.13,6
"385",385,"48453001811",0,0.03,6
"386",386,"48453001812",0,0.07,6
"387",387,"48453001818",0,0.03,6
"388",388,"48453001820",0,0.03,6
"389",389,"48453001834",0.07,0,6
"390",390,"48453001840",0,0.03,6
"391",391,"48453001849",0,0.03,6
"392",392,"48453001901",4.37,6.87,6
"393",393,"48453001910",0.47,0.77,6
"394",394,"48453001911",8.67,12.73,6
"395",395,"48453001915",0.03,0.07,6
"396",396,"48453001917",0.03,0.03,6
"397",397,"48453001919",0.13,0.07,6
"398",398,"48453002002",0.33,0.5,6
"399",399,"48453002003",0.13,0.4,6
"400",400,"48453002004",4.1,3.8,6
"401",401,"48453002005",1.93,2.67,6
"402",402,"48453002104",0,0.1,6
"403",403,"48453002105",0.33,0.4,6
"404",404,"48453002106",0.1,0.13,6
"405",405,"48453002107",0.17,0.23,6
"406",406,"48453002108",0.07,0.17,6
"407",407,"48453002109",0.37,0.73,6
"408",408,"48453002110",0.27,0.3,6
"409",409,"48453002111",1,1.93,6
"410",410,"48453002112",0.3,0.37,6
"411",411,"48453002304",25.53,24.53,6
"412",412,"48453002307",0.93,1,6
"413",413,"48453002308",3.5,4.57,6
"414",414,"48453002312",0.03,0.1,6
"415",415,"48453002313",0.57,0.8,6
"416",416,"48453002314",2.4,3,6
"417",417,"48453002315",0.8,1.13,6
"418",418,"48453002316",2.03,2.2,6
"419",419,"48453002317",5.17,5.23,6
"420",420,"48453002318",3.93,4.63,6
"421",421,"48453002402",0.23,0.27,6
"422",422,"48453002403",0.7,1.2,6
"423",423,"48453002409",0.07,0.1,6
"424",424,"48453002410",0.03,0.1,6
"425",425,"48453002411",0.07,0.13,6
"426",426,"48453002412",0.03,0.07,6
"427",427,"48453002413",0.07,0.07,6
"428",428,"48453002419",0,0.07,6
"429",429,"48453002422",0.03,0.03,6
"430",430,"48453002427",0.07,0.1,6
"431",431,"48453002431",0.13,0.17,6
"432",432,"48453980000",0,0.03,6
"433",433,"0",0.03,0.06,7
"434",434,"48453000101",0.13,0.32,7
"435",435,"48453000203",0.42,0.42,7
"436",436,"48453000204",2.13,3,7
"437",437,"48453000205",0.13,0.16,7
"438",438,"48453000206",0.1,0.35,7
"439",439,"48453000302",1.06,1.06,7
"440",440,"48453000304",0.16,0.23,7
"441",441,"48453000305",0.06,0.32,7
"442",442,"48453000306",9.65,9.23,7
"443",443,"48453000307",0.26,0.71,7
"444",444,"48453000401",2.42,3.13,7
"445",445,"48453000402",2,2.23,7
"446",446,"48453000500",1.87,2.48,7
"447",447,"48453000601",5.71,8.68,7
"448",448,"48453000603",29.74,29.87,7
"449",449,"48453000604",24.52,23.19,7
"450",450,"48453000700",43.13,38.06,7
"451",451,"48453000801",1.68,1.94,7
"452",452,"48453000802",2,2.58,7
"453",453,"48453000803",3.06,4.55,7
"454",454,"48453000804",5.32,7.23,7
"455",455,"48453000901",10.29,13.35,7
"456",456,"48453000902",135.52,127.55,7
"457",457,"48453001000",16.23,19.68,7
"458",458,"48453001100",803.13,788.61,7
"459",459,"48453001200",115.13,112.45,7
"460",460,"48453001303",68.94,62.71,7
"461",461,"48453001304",8.35,10.29,7
"462",462,"48453001305",138.26,142.16,7
"463",463,"48453001307",2,3,7
"464",464,"48453001308",7.23,7.48,7
"465",465,"48453001401",70.13,63.9,7
"466",466,"48453001402",1.48,3,7
"467",467,"48453001403",1.16,1.32,7
"468",468,"48453001501",0.03,0.1,7
"469",469,"48453001503",0.26,0.42,7
"470",470,"48453001504",0.1,0.19,7
"471",471,"48453001505",0.19,0.23,7
"472",472,"48453001602",1.42,2.68,7
"473",473,"48453001603",0.39,0.52,7
"474",474,"48453001604",0.03,0.06,7
"475",475,"48453001605",2.94,4.97,7
"476",476,"48453001606",0.13,0.32,7
"477",477,"48453001707",0.03,0,7
"478",478,"48453001712",0.94,1.03,7
"479",479,"48453001713",0,0.03,7
"480",480,"48453001714",0,0.03,7
"481",481,"48453001718",0,0.03,7
"482",482,"48453001737",0,0.03,7
"483",483,"48453001745",0,0.03,7
"484",484,"48453001747",0,0.03,7
"485",485,"48453001750",0.16,0.29,7
"486",486,"48453001756",0,0.03,7
"487",487,"48453001782",0,0.03,7
"488",488,"48453001804",0,0.03,7
"489",489,"48453001805",0,0.03,7
"490",490,"48453001806",0,0.1,7
"491",491,"48453001812",0.03,0.1,7
"492",492,"48453001817",0,0.03,7
"493",493,"48453001820",0,0.03,7
"494",494,"48453001833",0,0.03,7
"495",495,"48453001845",0,0.03,7
"496",496,"48453001848",0,0.03,7
"497",497,"48453001849",0.06,0.19,7
"498",498,"48453001858",0,0.03,7
"499",499,"48453001859",0,0.03,7
"500",500,"48453001901",4.06,5.61,7
"501",501,"48453001908",0,0.03,7
"502",502,"48453001910",0.68,1.03,7
"503",503,"48453001911",9.03,11.94,7
"504",504,"48453001912",0,0.03,7
"505",505,"48453001915",0.1,0.13,7
"506",506,"48453001919",0.1,0.13,7
"507",507,"48453002002",0.16,0.32,7
"508",508,"48453002003",1.81,1.74,7
"509",509,"48453002004",6.26,6.16,7
"510",510,"48453002005",3.23,3.48,7
"511",511,"48453002104",0.06,0.03,7
"512",512,"48453002105",0.84,1.26,7
"513",513,"48453002106",0.19,0.32,7
"514",514,"48453002107",0.19,0.29,7
"515",515,"48453002108",0.06,0.06,7
"516",516,"48453002109",0.48,0.65,7
"517",517,"48453002110",0.06,0.35,7
"518",518,"48453002111",1.61,2.68,7
"519",519,"48453002112",0.16,0.23,7
"520",520,"48453002113",0,0.06,7
"521",521,"48453002201",0.03,0.03,7
"522",522,"48453002202",0,0.03,7
"523",523,"48453002304",27.9,29.03,7
"524",524,"48453002307",2.81,2.48,7
"525",525,"48453002308",4.45,6,7
"526",526,"48453002312",0.16,0.26,7
"527",527,"48453002313",0.61,0.9,7
"528",528,"48453002314",3.35,4,7
"529",529,"48453002315",1.1,1.55,7
"530",530,"48453002316",2.94,2.81,7
"531",531,"48453002317",5.55,6.1,7
"532",532,"48453002318",4.65,5.19,7
"533",533,"48453002402",0.26,0.45,7
"534",534,"48453002403",1.23,1.65,7
"535",535,"48453002407",0,0.03,7
"536",536,"48453002409",0.1,0.1,7
"537",537,"48453002410",0.16,0.13,7
"538",538,"48453002411",0.23,0.29,7
"539",539,"48453002412",0,0.06,7
"540",540,"48453002413",0.06,0.03,7
"541",541,"48453002419",0.13,0.1,7
"542",542,"48453002421",0,0.03,7
"543",543,"48453002422",0,0.03,7
"544",544,"48453002424",0.06,0.06,7
"545",545,"48453002427",0.06,0.06,7
"546",546,"48453002429",0.03,0.06,7
"547",547,"48453002431",0.23,0.16,7
"548",548,"48453002433",0.06,0.1,7
"549",549,"48491020704",0,0.03,7
"550",550,"48021950801",0,0.03,8
"551",551,"48209010901",0,0.03,8
"552",552,"48209010902",0,0.03,8
"553",553,"48209010906",0.06,0.06,8
"554",554,"48453000101",1.23,2.13,8
"555",555,"48453000102",0.74,1.39,8
"556",556,"48453000203",1.42,1.48,8
"557",557,"48453000204",15.45,19.1,8
"558",558,"48453000205",0.77,0.87,8
"559",559,"48453000206",0.61,0.71,8
"560",560,"48453000302",6.1,7.94,8
"561",561,"48453000304",1.42,1.71,8
"562",562,"48453000305",2.35,3.48,8
"563",563,"48453000306",39.35,38.13,8
"564",564,"48453000307",1.55,1.9,8
"565",565,"48453000401",18.65,20.84,8
"566",566,"48453000402",10.19,10.77,8
"567",567,"48453000500",19.39,21.74,8
"568",568,"48453000601",84.61,105.39,8
"569",569,"48453000603",250.48,245.74,8
"570",570,"48453000604",263.87,245,8
"571",571,"48453000700",215.03,193.84,8
"572",572,"48453000801",1.84,2.71,8
"573",573,"48453000802",5.45,6.23,8
"574",574,"48453000803",13.29,17.06,8
"575",575,"48453000804",21.87,21.94,8
"576",576,"48453000901",36.39,42.9,8
"577",577,"48453000902",322.29,320.35,8
"578",578,"48453001000",45.71,53.26,8
"579",579,"48453001100",2919.16,2874.06,8
"580",580,"48453001200",331.23,330.61,8
"581",581,"48453001303",198.29,184,8
"582",582,"48453001304",18.94,22.03,8
"583",583,"48453001305",483.81,496.61,8
"584",584,"48453001307",4.29,5.48,8
"585",585,"48453001308",15.39,17.87,8
"586",586,"48453001401",190.61,182.19,8
"587",587,"48453001402",10.39,13.77,8
"588",588,"48453001403",8.19,6.71,8
"589",589,"48453001501",0.03,0.23,8
"590",590,"48453001503",1.1,1.61,8
"591",591,"48453001504",0.23,0.39,8
"592",592,"48453001505",0.19,0.26,8
"593",593,"48453001602",3.94,6.23,8
"594",594,"48453001603",3.87,4.77,8
"595",595,"48453001604",1.29,1.55,8
"596",596,"48453001605",10.32,12.48,8
"597",597,"48453001606",0.39,0.39,8
"598",598,"48453001705",0.03,0.06,8
"599",599,"48453001707",0.03,0.03,8
"600",600,"48453001712",0.84,1.19,8
"601",601,"48453001713",0.1,0.16,8
"602",602,"48453001718",0.03,0.03,8
"603",603,"48453001722",0.13,0.13,8
"604",604,"48453001728",0.1,0.06,8
"605",605,"48453001737",0,0.06,8
"606",606,"48453001747",0,0.03,8
"607",607,"48453001748",0.03,0.03,8
"608",608,"48453001749",0.03,0.03,8
"609",609,"48453001750",0.19,0.26,8
"610",610,"48453001751",0,0.03,8
"611",611,"48453001752",0.23,0.23,8
"612",612,"48453001753",0,0.03,8
"613",613,"48453001756",0.03,0.03,8
"614",614,"48453001768",0.19,0.19,8
"615",615,"48453001772",0.06,0.03,8
"616",616,"48453001785",0,0.03,8
"617",617,"48453001804",0.19,0.39,8
"618",618,"48453001805",0.13,0.19,8
"619",619,"48453001806",0.29,0.32,8
"620",620,"48453001811",0.1,0.1,8
"621",621,"48453001812",0.26,0.32,8
"622",622,"48453001813",0.42,0.48,8
"623",623,"48453001817",0.26,0.26,8
"624",624,"48453001818",0.13,0.26,8
"625",625,"48453001819",0.13,0.26,8
"626",626,"48453001820",0.03,0.06,8
"627",627,"48453001821",0.29,0.23,8
"628",628,"48453001822",0.1,0.16,8
"629",629,"48453001823",0.06,0.13,8
"630",630,"48453001832",0,0.1,8
"631",631,"48453001833",0.23,0.35,8
"632",632,"48453001834",0.1,0.1,8
"633",633,"48453001839",0.03,0.03,8
"634",634,"48453001848",0,0.03,8
"635",635,"48453001849",0.23,0.23,8
"636",636,"48453001856",0,0.06,8
"637",637,"48453001857",0,0.06,8
"638",638,"48453001858",0,0.06,8
"639",639,"48453001863",0,0.06,8
"640",640,"48453001901",12.58,17.68,8
"641",641,"48453001908",0,0.1,8
"642",642,"48453001910",2.19,2.39,8
"643",643,"48453001911",39.32,47.61,8
"644",644,"48453001912",0,0.03,8
"645",645,"48453001914",0.03,0.1,8
"646",646,"48453001915",0.1,0.16,8
"647",647,"48453001917",0,0.03,8
"648",648,"48453001919",0.71,0.84,8
"649",649,"48453002002",0.87,1.06,8
"650",650,"48453002003",2.1,2.81,8
"651",651,"48453002004",9.48,9.87,8
"652",652,"48453002005",4.29,5.68,8
"653",653,"48453002104",0.26,0.35,8
"654",654,"48453002105",2.45,3.26,8
"655",655,"48453002106",0.65,0.84,8
"656",656,"48453002107",0.97,1.19,8
"657",657,"48453002108",0.29,0.32,8
"658",658,"48453002109",2.26,2.71,8
"659",659,"48453002110",0.48,0.94,8
"660",660,"48453002111",5.19,6.35,8
"661",661,"48453002112",0.97,1.06,8
"662",662,"48453002113",0,0.16,8
"663",663,"48453002201",0.1,0.16,8
"664",664,"48453002202",0,0.03,8
"665",665,"48453002207",0.03,0.06,8
"666",666,"48453002209",0,0.03,8
"667",667,"48453002304",98.23,100.52,8
"668",668,"48453002307",6.35,7.1,8
"669",669,"48453002308",15.19,18.35,8
"670",670,"48453002310",0,0.1,8
"671",671,"48453002312",0.19,0.52,8
"672",672,"48453002313",3.65,3.87,8
"673",673,"48453002314",14.35,15.77,8
"674",674,"48453002315",6.16,7.13,8
"675",675,"48453002316",13.94,14.19,8
"676",676,"48453002317",27.97,26.55,8
"677",677,"48453002318",21.94,22.52,8
"678",678,"48453002319",0,0.03,8
"679",679,"48453002402",0.81,1.39,8
"680",680,"48453002403",3.13,3.81,8
"681",681,"48453002407",0,0.1,8
"682",682,"48453002409",0.03,0.1,8
"683",683,"48453002410",0.26,0.42,8
"684",684,"48453002411",1.61,2.06,8
"685",685,"48453002412",0.06,0.1,8
"686",686,"48453002413",0.03,0.19,8
"687",687,"48453002419",0.13,0.06,8
"688",688,"48453002421",0.03,0.1,8
"689",689,"48453002422",0.06,0.1,8
"690",690,"48453002424",0.1,0.13,8
"691",691,"48453002425",0,0.03,8
"692",692,"48453002427",0.06,0.06,8
"693",693,"48453002428",0.06,0.03,8
"694",694,"48453002429",0,0.06,8
"695",695,"48453002431",0.23,0.29,8
"696",696,"48453002432",0.06,0.06,8
"697",697,"48453002500",0,0.03,8
"698",698,"48453980000",0,0.03,8
"699",699,"48491020328",0,0.03,8
"700",700,"48491020406",0,0.06,8
"701",701,"48491020701",0.06,0.03,8
"702",702,"48491020703",0,0.03,8
"703",703,"48491021505",0.03,0.03,8
"704",704,"None",0.42,0.45,8
"705",705,"48209010808",0,0.03,9
"706",706,"48209010902",0,0.03,9
"707",707,"48209010906",0.07,0.07,9
"708",708,"48209010907",0.07,0.03,9
"709",709,"48209010908",0,0.03,9
"710",710,"48453000101",1.6,2.07,9
"711",711,"48453000102",0.1,0.2,9
"712",712,"48453000203",3.1,3.2,9
"713",713,"48453000204",22.73,25,9
"714",714,"48453000205",1.27,1.57,9
"715",715,"48453000206",1.13,1.47,9
"716",716,"48453000302",11.27,13.1,9
"717",717,"48453000304",2.13,2.43,9
"718",718,"48453000305",4.63,5.9,9
"719",719,"48453000306",37.4,36.23,9
"720",720,"48453000307",4.9,5.17,9
"721",721,"48453000401",24,25.03,9
"722",722,"48453000402",16.33,15.73,9
"723",723,"48453000500",42.87,42.67,9
"724",724,"48453000601",83.43,94.83,9
"725",725,"48453000603",313.83,301.03,9
"726",726,"48453000604",316.13,313.87,9
"727",727,"48453000700",247.7,236.23,9
"728",728,"48453000801",1.93,3,9
"729",729,"48453000802",7.87,9.13,9
"730",730,"48453000803",19.1,22.2,9
"731",731,"48453000804",23.2,24.17,9
"732",732,"48453000901",35.3,42.1,9
"733",733,"48453000902",379.87,378.87,9
"734",734,"48453001000",55.4,64.97,9
"735",735,"48453001100",3354.23,3294.4,9
"736",736,"48453001200",348.5,346.73,9
"737",737,"48453001303",191.53,179.73,9
"738",738,"48453001304",20.6,24.73,9
"739",739,"48453001305",479.77,494.27,9
"740",740,"48453001307",5.37,7.1,9
"741",741,"48453001308",14.13,17.53,9
"742",742,"48453001401",225.43,210,9
"743",743,"48453001402",10.7,15.5,9
"744",744,"48453001403",9.93,8,9
"745",745,"48453001501",0.13,0.23,9
"746",746,"48453001503",2.27,3.4,9
"747",747,"48453001504",0.27,0.6,9
"748",748,"48453001505",0.13,0.4,9
"749",749,"48453001602",4.93,7.67,9
"750",750,"48453001603",3.57,4.47,9
"751",751,"48453001604",0.77,1.1,9
"752",752,"48453001605",12.37,13.77,9
"753",753,"48453001606",0.2,0.4,9
"754",754,"48453001706",0,0.03,9
"755",755,"48453001707",0,0.03,9
"756",756,"48453001712",0.63,1.03,9
"757",757,"48453001713",0.23,0.43,9
"758",758,"48453001718",0,0.07,9
"759",759,"48453001719",0,0.07,9
"760",760,"48453001728",0.03,0.07,9
"761",761,"48453001738",0,0.03,9
"762",762,"48453001742",0.07,0.07,9
"763",763,"48453001746",0.03,0,9
"764",764,"48453001748",0.2,0.27,9
"765",765,"48453001749",0.03,0.03,9
"766",766,"48453001750",0.53,0.67,9
"767",767,"48453001752",0,0.03,9
"768",768,"48453001753",0,0.03,9
"769",769,"48453001754",0.13,0.03,9
"770",770,"48453001761",0,0.03,9
"771",771,"48453001804",0.3,0.43,9
"772",772,"48453001805",0.03,0.1,9
"773",773,"48453001806",0.03,0.2,9
"774",774,"48453001811",0.1,0.17,9
"775",775,"48453001812",0.7,0.67,9
"776",776,"48453001813",0.03,0.23,9
"777",777,"48453001817",0.03,0.2,9
"778",778,"48453001818",0.2,0.2,9
"779",779,"48453001819",0,0.1,9
"780",780,"48453001820",0.03,0.13,9
"781",781,"48453001821",0,0.1,9
"782",782,"48453001823",0.03,0.07,9
"783",783,"48453001826",0.1,0.07,9
"784",784,"48453001829",0.03,0.07,9
"785",785,"48453001833",0.2,0.17,9
"786",786,"48453001834",0.03,0.17,9
"787",787,"48453001835",0.03,0,9
"788",788,"48453001839",0.1,0.07,9
"789",789,"48453001840",0.1,0.13,9
"790",790,"48453001841",0,0.03,9
"791",791,"48453001842",0.23,0.23,9
"792",792,"48453001844",0.07,0.03,9
"793",793,"48453001846",0.03,0.03,9
"794",794,"48453001848",0.07,0.07,9
"795",795,"48453001849",0.27,0.5,9
"796",796,"48453001850",0,0.03,9
"797",797,"48453001856",0.53,0.53,9
"798",798,"48453001901",10.33,15.7,9
"799",799,"48453001910",3.03,4.43,9
"800",800,"48453001911",27.47,35.5,9
"801",801,"48453001914",0.1,0.13,9
"802",802,"48453001915",0.03,0.13,9
"803",803,"48453001917",0,0.07,9
"804",804,"48453001918",0,0.1,9
"805",805,"48453001919",0.7,0.5,9
"806",806,"48453002002",1.7,2.1,9
"807",807,"48453002003",2.33,3.1,9
"808",808,"48453002004",7.6,8.3,9
"809",809,"48453002005",4.37,6.13,9
"810",810,"48453002104",0.7,0.83,9
"811",811,"48453002105",2.27,2.87,9
"812",812,"48453002106",1.7,1.93,9
"813",813,"48453002107",0.27,0.57,9
"814",814,"48453002108",0.47,0.67,9
"815",815,"48453002109",2.03,2.7,9
"816",816,"48453002110",0.63,1.03,9
"817",817,"48453002111",4.73,6.73,9
"818",818,"48453002112",0.47,0.47,9
"819",819,"48453002113",0,0.03,9
"820",820,"48453002201",0.23,0.5,9
"821",821,"48453002202",0,0.03,9
"822",822,"48453002207",0,0.07,9
"823",823,"48453002304",102.9,106.57,9
"824",824,"48453002307",8.27,8.27,9
"825",825,"48453002308",16.6,20.9,9
"826",826,"48453002310",0.03,0.1,9
"827",827,"48453002312",0.2,0.7,9
"828",828,"48453002313",4.03,4.23,9
"829",829,"48453002314",14.13,16.3,9
"830",830,"48453002315",7.1,7.97,9
"831",831,"48453002316",17.23,19.17,9
"832",832,"48453002317",30.47,31.03,9
"833",833,"48453002318",30,28.57,9
"834",834,"48453002319",0.03,0,9
"835",835,"48453002402",0.7,1.37,9
"836",836,"48453002403",2.07,2.33,9
"837",837,"48453002409",0.5,0.67,9
"838",838,"48453002410",0.2,0.43,9
"839",839,"48453002411",0.8,1.13,9
"840",840,"48453002412",0.07,0.17,9
"841",841,"48453002413",0.07,0,9
"842",842,"48453002419",0.1,0.33,9
"843",843,"48453002421",0.03,0.17,9
"844",844,"48453002422",0.03,0.17,9
"845",845,"48453002423",0,0.03,9
"846",846,"48453002424",0.03,0,9
"847",847,"48453002425",0.03,0.13,9
"848",848,"48453002427",0.17,0.27,9
"849",849,"48453002428",0,0.1,9
"850",850,"48453002429",0,0.03,9
"851",851,"48453002431",0.3,0.57,9
"852",852,"48453002433",0.03,0.07,9
"853",853,"48491020311",0,0.03,9
"854",854,"48491020316",0,0.03,9
"855",855,"48491020405",0.03,0.13,9
"856",856,"48491020406",0.03,0,9
"857",857,"48491020409",0,0.03,9
"858",858,"48491020410",0,0.03,9
"859",859,"48491020503",0,0.03,9
"860",860,"48491020807",0.1,0.1,9
"861",861,"None",1.1,1.1,9
"862",862,"48453000101",1.29,2.57,10
"863",863,"48453000102",0,0.14,10
"864",864,"48453000203",6.14,5.57,10
"865",865,"48453000204",34.57,34.43,10
"866",866,"48453000205",1.14,2,10
"867",867,"48453000206",2.14,1.43,10
"868",868,"48453000302",12,16.57,10
"869",869,"48453000304",3.14,2.14,10
"870",870,"48453000305",2.57,3.71,10
"871",871,"48453000306",10.86,10.14,10
"872",872,"48453000307",3.71,3,10
"873",873,"48453000401",23.43,24,10
"874",874,"48453000402",15.43,18.43,10
"875",875,"48453000500",44.86,45.29,10
"876",876,"48453000601",75.86,91.14,10
"877",877,"48453000603",364.86,373.57,10
"878",878,"48453000604",344,341.43,10
"879",879,"48453000700",289.71,283.57,10
"880",880,"48453000801",1.71,2.29,10
"881",881,"48453000802",4.57,5.57,10
"882",882,"48453000803",18.86,23.86,10
"883",883,"48453000804",21,22.86,10
"884",884,"48453000901",41.43,50.29,10
"885",885,"48453000902",393.86,392.86,10
"886",886,"48453001000",74.29,86.43,10
"887",887,"48453001100",3471.14,3375,10
"888",888,"48453001200",382.86,375.14,10
"889",889,"48453001303",208.86,195.43,10
"890",890,"48453001304",24.29,29.57,10
"891",891,"48453001305",557.29,567.71,10
"892",892,"48453001307",4.71,6.57,10
"893",893,"48453001308",12.71,16.14,10
"894",894,"48453001401",236.57,206.71,10
"895",895,"48453001402",13.86,21,10
"896",896,"48453001403",9.29,7.14,10
"897",897,"48453001501",0.14,0.14,10
"898",898,"48453001503",1.71,2.71,10
"899",899,"48453001504",1.14,1,10
"900",900,"48453001505",0.86,0.86,10
"901",901,"48453001602",8.14,12.71,10
"902",902,"48453001603",5.57,7,10
"903",903,"48453001604",1,3.29,10
"904",904,"48453001605",11.29,15.57,10
"905",905,"48453001606",0.29,0.57,10
"906",906,"48453001707",0.14,0.14,10
"907",907,"48453001712",0.29,0.43,10
"908",908,"48453001714",0,0.14,10
"909",909,"48453001718",0,0.14,10
"910",910,"48453001722",0,0.14,10
"911",911,"48453001728",0.14,0.29,10
"912",912,"48453001750",0.29,0.29,10
"913",913,"48453001804",0.29,0.71,10
"914",914,"48453001805",0.14,0.29,10
"915",915,"48453001806",0,0.14,10
"916",916,"48453001813",2.71,2.57,10
"917",917,"48453001817",0,0.14,10
"918",918,"48453001818",0,0.14,10
"919",919,"48453001820",0.14,0.29,10
"920",920,"48453001823",0,0.14,10
"921",921,"48453001833",0,0.14,10
"922",922,"48453001834",0,0.14,10
"923",923,"48453001835",0,0.29,10
"924",924,"48453001843",0,0.14,10
"925",925,"48453001856",0,0.14,10
"926",926,"48453001901",15,21,10
"927",927,"48453001910",3.86,5,10
"928",928,"48453001911",31,44.57,10
"929",929,"48453001914",0.14,0.29,10
"930",930,"48453001915",0,0.14,10
"931",931,"48453001918",0,0.14,10
"932",932,"48453001919",0.43,0.57,10
"933",933,"48453002002",0.43,0.86,10
"934",934,"48453002003",1.71,3.29,10
"935",935,"48453002004",2.43,4,10
"936",936,"48453002005",2.14,3.57,10
"937",937,"48453002104",0.29,0.86,10
"938",938,"48453002105",2,2.71,10
"939",939,"48453002106",2.86,2.57,10
"940",940,"48453002107",1,1.71,10
"941",941,"48453002108",0.14,0.29,10
"942",942,"48453002109",1.57,1.86,10
"943",943,"48453002110",0.57,1.86,10
"944",944,"48453002111",6,8.43,10
"945",945,"48453002112",1,1,10
"946",946,"48453002113",0,0.14,10
"947",947,"48453002201",0.71,0.71,10
"948",948,"48453002208",0,0.14,10
"949",949,"48453002304",109.43,115.14,10
"950",950,"48453002307",10.57,10.57,10
"951",951,"48453002308",15.57,17.43,10
"952",952,"48453002310",0.14,0.14,10
"953",953,"48453002312",0.29,1.43,10
"954",954,"48453002313",2.29,2.71,10
"955",955,"48453002314",10.57,14.14,10
"956",956,"48453002315",4.71,6.29,10
"957",957,"48453002316",17.43,20.14,10
"958",958,"48453002317",23,25.14,10
"959",959,"48453002318",26,22.14,10
"960",960,"48453002402",0.71,1,10
"961",961,"48453002403",1.29,3.86,10
"962",962,"48453002409",0,0.14,10
"963",963,"48453002411",0.86,1.57,10
"964",964,"48453002412",0,0.29,10
"965",965,"48453002419",0,0.43,10
"966",966,"48453002421",0.14,0.43,10
"967",967,"48453002422",0.29,0.14,10
"968",968,"48453002427",0.43,0.43,10
"969",969,"48453002429",0.14,0.29,10
"970",970,"48453002431",0.14,0.29,10
"971",971,"48491020405",0.14,0.14,10
"972",972,"48491020409",0,0.14,10
"973",973,"48491020708",0.43,0.43,10
"974",974,"48491020803",0,0.14,10
"975",975,"None",0.14,0.14,10
